pp/msg_num,pp/loc/0,pp/loc/1,,,,pp/loc/2,pp/wq,pp/id,pp/time,pp/ws,,,Sig Strength,Sig Quality,,,,,,,,,
3294,41.69962,-86.23748667,star1,black,3294,247.2,27/70,b827eb1e211c,1539093701,-83,,,,,,,,,,,,,
,,,,,,,,,,,,,,,,,,,,,,,
254,41.71453833,-86.24187333,circle1,blue,254,217.7,70/70,b827eb96b93c,1539093702,0,,,,,,,,,,,,,
255,41.71454,-86.241875,circle1,blue,255,217.7,70/70,b827eb96b93c,1539093705,0,,,,,,,,,,,,,
256,41.71454333,-86.24187667,circle1,blue,256,217.7,70/70,b827eb96b93c,1539093709,0,,,,,,,,,,,,,
257,41.71454333,-86.24188167,circle1,blue,257,217.6,70/70,b827eb96b93c,1539093712,0,,,,,,,,,,,,,
258,41.714545,-86.24188333,circle1,blue,258,217.6,70/70,b827eb96b93c,1539093715,0,,,,,,,,,,,,,
259,41.71454667,-86.24189,circle1,blue,259,217.5,70/70,b827eb96b93c,1539093718,0,,,,,,,,,,,,,
260,41.71454667,-86.24189333,circle1,blue,260,217.5,70/70,b827eb96b93c,1539093721,0,,,,,,,,,,,,,
261,41.71454833,-86.2419,circle1,blue,261,217.5,70/70,b827eb96b93c,1539093724,0,,,,,,,,,,,,,
262,41.71454833,-86.2419,circle1,blue,262,217.4,70/70,b827eb96b93c,1539093727,0,,,,,,,,,,,,,
263,41.71454833,-86.2419,circle1,blue,263,217.4,70/70,b827eb96b93c,1539093730,0,,,,,,,,,,,,,
264,41.71455167,-86.24190333,circle1,blue,264,217.4,70/70,b827eb96b93c,1539093734,0,,,,,,,,,,,,,
265,41.71455333,-86.24190667,circle1,blue,265,217.3,70/70,b827eb96b93c,1539093737,0,,,,,,,,,,,,,
266,41.714555,-86.24190833,circle1,blue,266,217.3,70/70,b827eb96b93c,1539093740,0,,,,,,,,,,,,,
267,41.71455833,-86.24191167,circle1,blue,267,217.3,70/70,b827eb96b93c,1539093743,0,,,,,,,,,,,,,
268,41.71456,-86.241915,circle1,blue,268,217.3,70/70,b827eb96b93c,1539093746,0,,,,,,,,,,,,,
269,41.71456167,-86.24192167,circle1,blue,269,217.2,70/70,b827eb96b93c,1539093749,0,,,,,,,,,,,,,
270,41.71455833,-86.24192167,circle1,blue,270,217.2,70/70,b827eb96b93c,1539093752,0,,,,,,,,,,,,,
271,41.71455833,-86.24191833,circle1,blue,271,217.2,70/70,b827eb96b93c,1539093756,0,,,,,,,,,,,,,
272,41.71456,-86.24192,circle1,blue,272,217.2,70/70,b827eb96b93c,1539093759,0,,,,,,,,,,,,,
273,41.71456167,-86.241925,circle1,blue,273,217.2,70/70,b827eb96b93c,1539093762,0,,,,,,,,,,,,,
274,41.71456333,-86.24192833,circle1,blue,274,217.2,70/70,b827eb96b93c,1539093765,0,,,,,,,,,,,,,
275,41.71456333,-86.24192833,circle1,blue,275,217.1,70/70,b827eb96b93c,1539093768,0,,,,,,,,,,,,,
276,41.71456167,-86.24192833,circle1,blue,276,217.1,70/70,b827eb96b93c,1539093771,0,,,,,,,,,,,,,
277,41.71455833,-86.241935,circle1,blue,277,217.3,70/70,b827eb96b93c,1539093774,0,,,,,,,,,,,,,
278,41.71453,-86.24195167,circle1,blue,278,217.6,70/70,b827eb96b93c,1539093777,0,,,,,,,,,,,,,
279,41.71452333,-86.24195167,circle1,blue,279,218.3,70/70,b827eb96b93c,1539093781,0,,,,,,,,,,,,,
280,41.714515,-86.24195833,circle1,blue,280,220.1,70/70,b827eb96b93c,1539093784,0,,,,,,,,,,,,,
281,41.71450833,-86.24194333,circle1,blue,281,222.4,70/70,b827eb96b93c,1539093787,0,,,,,,,,,,,,,
282,41.71451,-86.24194,circle1,blue,282,224.7,70/70,b827eb96b93c,1539093790,0,,,,,,,,,,,,,
283,41.71450833,-86.241935,circle1,blue,283,225.4,70/70,b827eb96b93c,1539093793,0,,,,,,,,,,,,,
284,41.71449,-86.24193833,circle1,blue,284,225.1,70/70,b827eb96b93c,1539093796,0,,,,,,,,,,,,,
285,41.714475,-86.24188833,circle1,blue,285,225,70/70,b827eb96b93c,1539093799,0,,,,,,,,,,,,,
286,41.71446167,-86.24175,circle1,blue,286,224.5,70/70,b827eb96b93c,1539093803,0,,,,,,,,,,,,,
287,41.71445,-86.24166,circle1,blue,287,223.4,70/70,b827eb96b93c,1539093806,0,,,,,,,,,,,,,
288,41.71444167,-86.24156833,circle1,blue,288,222.7,70/70,b827eb96b93c,1539093809,0,,,,,,,,,,,,,
289,41.71444333,-86.24153333,circle1,blue,289,223.5,70/70,b827eb96b93c,1539093812,0,,,,,,,,,,,,,
290,41.714455,-86.241515,circle1,blue,290,223.8,70/70,b827eb96b93c,1539093815,0,,,,,,,,,,,,,
291,41.71444833,-86.24141,circle1,blue,291,225.3,70/70,b827eb96b93c,1539093818,0,,,,,,,,,,,,,
292,41.71445333,-86.24129667,circle1,blue,292,226.2,70/70,b827eb96b93c,1539093821,0,,,,,,,,,,,,,
293,41.714455,-86.241225,circle1,blue,293,226.8,70/70,b827eb96b93c,1539093824,0,,,,,,,,,,,,,
294,41.71445333,-86.24119,circle1,blue,294,227.4,70/70,b827eb96b93c,1539093828,0,,,,,,,,,,,,,
295,41.71445167,-86.241175,circle1,blue,295,227.7,70/70,b827eb96b93c,1539093831,0,,,,,,,,,,,,,
296,41.71444333,-86.24113167,circle1,blue,296,230.5,70/70,b827eb96b93c,1539093834,0,,,,,,,,,,,,,
297,41.71444667,-86.24111167,circle1,blue,297,232.4,70/70,b827eb96b93c,1539093837,0,,,,,,,,,,,,,
298,41.71444667,-86.24107,circle1,blue,298,232.8,70/70,b827eb96b93c,1539093840,0,,,,,,,,,,,,,
299,41.71444833,-86.24097667,circle1,blue,299,233,70/70,b827eb96b93c,1539093843,0,,,,,,,,,,,,,
300,41.71447833,-86.24094333,circle1,blue,300,233.8,70/70,b827eb96b93c,1539093846,0,,,,,,,,,,,,,
301,41.71449,-86.24090167,circle1,blue,301,233.9,70/70,b827eb96b93c,1539093850,0,,,,,,,,,,,,,
302,41.71450333,-86.24082,circle1,blue,302,234.3,70/70,b827eb96b93c,1539093853,0,,,,,,,,,,,,,
303,41.71451,-86.24078667,circle1,blue,303,234.5,70/70,b827eb96b93c,1539093856,0,,,,,,,,,,,,,
304,41.71451333,-86.240765,circle1,blue,304,234.4,70/70,b827eb96b93c,1539093859,0,,,,,,,,,,,,,
305,41.71451333,-86.24077,circle1,blue,305,234.3,70/70,b827eb96b93c,1539093862,0,,,,,,,,,,,,,
306,41.71451667,-86.24079,circle1,blue,306,234.6,70/70,b827eb96b93c,1539093865,0,,,,,,,,,,,,,
307,41.71452667,-86.24085333,circle1,blue,307,234.7,70/70,b827eb96b93c,1539093868,0,,,,,,,,,,,,,
308,41.714525,-86.24088833,circle1,blue,308,235,70/70,b827eb96b93c,1539093872,0,,,,,,,,,,,,,
309,41.71452,-86.24091333,circle1,blue,309,236.9,70/70,b827eb96b93c,1539093875,0,,,,,,,,,,,,,
310,41.71451667,-86.24091167,circle1,blue,310,238.7,70/70,b827eb96b93c,1539093878,0,,,,,,,,,,,,,
311,41.714515,-86.24090833,circle1,blue,311,239.2,70/70,b827eb96b93c,1539093881,0,,,,,,,,,,,,,
312,41.71451667,-86.24091,circle1,blue,312,239.3,70/70,b827eb96b93c,1539093884,0,,,,,,,,,,,,,
313,41.71451167,-86.240945,circle1,blue,313,239,70/70,b827eb96b93c,1539093887,0,,,,,,,,,,,,,
314,41.71451,-86.24100667,circle1,blue,314,238.9,70/70,b827eb96b93c,1539093890,0,,,,,,,,,,,,,
315,41.71450833,-86.24115667,circle1,blue,315,238.1,70/70,b827eb96b93c,1539093894,0,,,,,,,,,,,,,
316,41.71450833,-86.24127,circle1,blue,316,238.9,70/70,b827eb96b93c,1539093897,0,,,,,,,,,,,,,
317,41.71450833,-86.241365,circle1,blue,317,239.5,70/70,b827eb96b93c,1539093900,0,,,,,,,,,,,,,
318,41.714505,-86.24148333,circle1,blue,318,239.4,70/70,b827eb96b93c,1539093903,0,,,,,,,,,,,,,
319,41.71450667,-86.24152833,circle1,blue,319,239.3,70/70,b827eb96b93c,1539093906,0,,,,,,,,,,,,,
320,41.71451,-86.24157833,circle1,blue,320,239,70/70,b827eb96b93c,1539093909,0,,,,,,,,,,,,,
321,41.71450833,-86.24157667,circle1,blue,321,238.9,70/70,b827eb96b93c,1539093912,0,,,,,,,,,,,,,
322,41.71451167,-86.24157333,circle1,blue,322,238.3,70/70,b827eb96b93c,1539093916,0,,,,,,,,,,,,,
323,41.71451,-86.24156833,circle1,blue,323,235.7,70/70,b827eb96b93c,1539093919,0,,,,,,,,,,,,,
324,41.71450833,-86.24156667,circle1,blue,324,232.5,70/70,b827eb96b93c,1539093922,0,,,,,,,,,,,,,
325,41.71450667,-86.241565,circle1,blue,325,230,70/70,b827eb96b93c,1539093925,0,,,,,,,,,,,,,
326,41.71451167,-86.241555,circle1,blue,326,227.5,70/70,b827eb96b93c,1539093928,0,,,,,,,,,,,,,
327,41.71451167,-86.24155167,circle1,blue,327,224.7,70/70,b827eb96b93c,1539093931,0,,,,,,,,,,,,,
328,41.714515,-86.24155,circle1,blue,328,221.5,70/70,b827eb96b93c,1539093934,0,,,,,,,,,,,,,
329,41.714515,-86.241545,circle1,blue,329,218.9,70/70,b827eb96b93c,1539093938,0,,,,,,,,,,,,,
330,41.714515,-86.24154333,circle1,blue,330,217.7,70/70,b827eb96b93c,1539093941,0,,,,,,,,,,,,,
331,41.714515,-86.24154,circle1,blue,331,215.7,70/70,b827eb96b93c,1539093944,0,,,,,,,,,,,,,
332,41.71451167,-86.24153833,circle1,blue,332,215,70/70,b827eb96b93c,1539093947,0,,,,,,,,,,,,,
333,41.71451167,-86.24154,circle1,blue,333,214.9,70/70,b827eb96b93c,1539093950,0,,,,,,,,,,,,,
334,41.71451167,-86.24154,circle1,blue,334,214.7,70/70,b827eb96b93c,1539093953,0,,,,,,,,,,,,,
335,41.71451,-86.24154167,circle1,blue,335,214.6,70/70,b827eb96b93c,1539093956,0,,,,,,,,,,,,,
336,41.71450833,-86.24154,circle1,blue,336,214.6,70/70,b827eb96b93c,1539093959,0,,,,,,,,,,,,,
337,41.71450667,-86.24154167,circle1,blue,337,214.6,70/70,b827eb96b93c,1539093962,0,,,,,,,,,,,,,
338,41.71450833,-86.24154167,circle1,blue,338,214.6,70/70,b827eb96b93c,1539093966,0,,,,,,,,,,,,,
339,41.71450833,-86.24154167,circle1,blue,339,214.6,70/70,b827eb96b93c,1539093969,0,,,,,,,,,,,,,
340,41.71451,-86.24154333,circle1,blue,340,214.6,70/70,b827eb96b93c,1539093972,0,,,,,,,,,,,,,
341,41.71451,-86.241545,circle1,blue,341,214.6,70/70,b827eb96b93c,1539093975,0,,,,,,,,,,,,,
342,41.71451,-86.241545,circle1,blue,342,214.6,70/70,b827eb96b93c,1539093978,0,,,,,,,,,,,,,
343,41.71450833,-86.241545,circle1,blue,343,214.6,70/70,b827eb96b93c,1539093981,0,,,,,,,,,,,,,
344,41.71450667,-86.24154167,circle1,blue,344,214.6,70/70,b827eb96b93c,1539093984,0,,,,,,,,,,,,,
345,41.71450333,-86.24154,circle1,blue,345,214.6,70/70,b827eb96b93c,1539093987,0,,,,,,,,,,,,,
1640,41.71432667,-86.24182,cross1,red,1640,218.5,45/70,b827ebefdb50,1539093700,-66,,,-66,45,64.3%,,,,,,,,
1641,41.71432667,-86.24182,cross1,red,1641,218.5,36/70,b827ebefdb50,1539093703,-70,,,-70,36,51.4%,,,,,,,,
1642,41.71432667,-86.24182167,cross1,red,1642,218.5,45/70,b827ebefdb50,1539093706,-80,,,-80,45,64.3%,,,,,,,,
1643,41.71432667,-86.24182,cross1,red,1643,218.5,45/70,b827ebefdb50,1539093710,-67,,,-67,45,64.3%,,,,,,,,
1644,41.71432667,-86.24182,cross1,red,1644,218.5,42/70,b827ebefdb50,1539093713,-63,,,-63,42,60.0%,,,,,,,,
1645,41.71432667,-86.24182167,cross1,red,1645,218.5,43/70,b827ebefdb50,1539093716,-68,,,-68,43,61.4%,,,,,,,,
1646,41.71432667,-86.24182167,cross1,red,1646,218.5,34/70,b827ebefdb50,1539093719,-72,,,-72,34,48.6%,,,,,,,,
1647,41.71432667,-86.24182167,cross1,red,1647,218.5,41/70,b827ebefdb50,1539093722,-61,,,-61,41,58.6%,,,,,,,,
1648,41.71432667,-86.24182167,cross1,red,1648,218.6,45/70,b827ebefdb50,1539093725,-64,,,-64,45,64.3%,,,,,,,,
1649,41.71432667,-86.24182167,cross1,red,1649,218.6,40/70,b827ebefdb50,1539093729,-64,,,-64,40,57.1%,,,,,,,,
1650,41.71432667,-86.24182167,cross1,red,1650,218.6,43/70,b827ebefdb50,1539093732,-65,,,-65,43,61.4%,,,,,,,,
1651,41.71432667,-86.24182167,cross1,red,1651,218.6,37/70,b827ebefdb50,1539093735,-63,,,-63,37,52.9%,,,,,,,,
1652,41.71432667,-86.24182167,cross1,red,1652,218.6,44/70,b827ebefdb50,1539093738,-67,,,-67,44,62.9%,,,,,,,,
1653,41.71432667,-86.24182167,cross1,red,1653,218.6,43/70,b827ebefdb50,1539093741,-67,,,-67,43,61.4%,,,,,,,,
1654,41.71432667,-86.24182167,cross1,red,1654,218.6,47/70,b827ebefdb50,1539093744,-70,,,-70,47,67.1%,,,,,,,,
1655,41.71432667,-86.24182167,cross1,red,1655,218.6,43/70,b827ebefdb50,1539093747,-66,,,-66,43,61.4%,,,,,,,,
1656,41.71432667,-86.24182167,cross1,red,1656,218.6,43/70,b827ebefdb50,1539093751,-67,,,-67,43,61.4%,,,,,,,,
1657,41.71432667,-86.24182167,cross1,red,1657,218.6,44/70,b827ebefdb50,1539093754,-69,,,-69,44,62.9%,,,,,,,,
1658,41.71432667,-86.24182167,cross1,red,1658,218.6,46/70,b827ebefdb50,1539093757,-69,,,-69,46,65.7%,,,,,,,,
1659,41.71432667,-86.24182167,cross1,red,1659,218.6,47/70,b827ebefdb50,1539093760,-70,,,-70,47,67.1%,,,,,,,,
1660,41.71432667,-86.24182167,cross1,red,1660,218.6,50/70,b827ebefdb50,1539093763,-61,,,-61,50,71.4%,,,,,,,,
1661,41.71432667,-86.24182167,cross1,red,1661,218.6,46/70,b827ebefdb50,1539093766,-57,,,-57,46,65.7%,,,,,,,,
1662,41.71432667,-86.24182167,cross1,red,1662,218.6,53/70,b827ebefdb50,1539093769,-50,,,-50,53,75.7%,,,,,,,,
1663,41.71432667,-86.24182167,cross1,red,1663,218.6,50/70,b827ebefdb50,1539093773,-56,,,-56,50,71.4%,,,,,,,,
1664,41.71432667,-86.24182167,cross1,red,1664,218.6,38/70,b827ebefdb50,1539093776,-62,,,-62,38,54.3%,,,,,,,,
1665,41.71432667,-86.24182167,cross1,red,1665,218.6,33/70,b827ebefdb50,1539093779,-69,,,-69,33,47.1%,,,,,,,,
1666,41.71432667,-86.24182167,cross1,red,1666,218.6,47/70,b827ebefdb50,1539093782,-71,,,-71,47,67.1%,,,,,,,,
1667,41.71432667,-86.24182167,cross1,red,1667,218.6,37/70,b827ebefdb50,1539093785,-66,,,-66,37,52.9%,,,,,,,,
1668,41.71432667,-86.24182167,cross1,red,1668,218.6,41/70,b827ebefdb50,1539093788,-74,,,-74,41,58.6%,,,,,,,,
1669,41.71432667,-86.24182167,cross1,red,1669,218.6,42/70,b827ebefdb50,1539093791,-68,,,-68,42,60.0%,,,,,,,,
1670,41.71432667,-86.24182167,cross1,red,1670,218.6,51/70,b827ebefdb50,1539093795,-64,,,-64,51,72.9%,,,,,,,,
1671,41.71432667,-86.24182167,cross1,red,1671,218.6,48/70,b827ebefdb50,1539093798,-58,,,-58,48,68.6%,,,,,,,,
1672,41.71432667,-86.24182167,cross1,red,1672,218.6,48/70,b827ebefdb50,1539093801,-65,,,-65,48,68.6%,,,,,,,,
1673,41.71432667,-86.24182167,cross1,red,1673,218.6,50/70,b827ebefdb50,1539093804,-62,,,-62,50,71.4%,,,,,,,,
1674,41.71432667,-86.24182167,cross1,red,1674,218.6,47/70,b827ebefdb50,1539093807,-64,,,-64,47,67.1%,,,,,,,,
1675,41.71432667,-86.24182167,cross1,red,1675,218.6,48/70,b827ebefdb50,1539093810,-62,,,-62,48,68.6%,,,,,,,,
1676,41.71432667,-86.24182167,cross1,red,1676,218.6,45/70,b827ebefdb50,1539093813,-64,,,-64,45,64.3%,,,,,,,,
1677,41.71432667,-86.24182167,cross1,red,1677,218.6,41/70,b827ebefdb50,1539093817,-65,,,-65,41,58.6%,,,,,,,,
1678,41.71432667,-86.24182167,cross1,red,1678,218.6,40/70,b827ebefdb50,1539093820,-69,,,-69,40,57.1%,,,,,,,,
1679,41.71432667,-86.24182167,cross1,red,1679,218.6,38/70,b827ebefdb50,1539093823,-75,,,-75,38,54.3%,,,,,,,,
1680,41.71432667,-86.24182167,cross1,red,1680,218.6,43/70,b827ebefdb50,1539093826,-66,,,-66,43,61.4%,,,,,,,,
1681,41.71432667,-86.24182167,cross1,red,1681,218.6,34/70,b827ebefdb50,1539093829,-71,,,-71,34,48.6%,,,,,,,,
1682,41.71432667,-86.24182167,cross1,red,1682,218.6,40/70,b827ebefdb50,1539093832,-70,,,-70,40,57.1%,,,,,,,,
1683,41.71432667,-86.24182167,cross1,red,1683,218.6,38/70,b827ebefdb50,1539093835,-72,,,-72,38,54.3%,,,,,,,,
1684,41.71432667,-86.24182167,cross1,red,1684,218.6,40/70,b827ebefdb50,1539093839,-72,,,-72,40,57.1%,,,,,,,,
1685,41.71432667,-86.24182167,cross1,red,1685,218.6,41/70,b827ebefdb50,1539093842,-73,,,-73,41,58.6%,,,,,,,,
1686,41.71432667,-86.24182167,cross1,red,1686,218.6,37/70,b827ebefdb50,1539093845,-71,,,-71,37,52.9%,,,,,,,,
1687,41.71432667,-86.24182167,cross1,red,1687,218.6,36/70,b827ebefdb50,1539093848,-73,,,-73,36,51.4%,,,,,,,,
1688,41.71432667,-86.24182167,cross1,red,1688,218.6,38/70,b827ebefdb50,1539093851,-74,,,-74,38,54.3%,,,,,,,,
1689,41.71432667,-86.24182167,cross1,red,1689,218.6,38/70,b827ebefdb50,1539093854,-72,,,-72,38,54.3%,,,,,,,,
1690,41.71432667,-86.24182167,cross1,red,1690,218.6,36/70,b827ebefdb50,1539093857,-74,,,-74,36,51.4%,,,,,,,,
1691,41.71432667,-86.24182167,cross1,red,1691,218.6,39/70,b827ebefdb50,1539093860,-71,,,-71,39,55.7%,,,,,,,,
1692,41.71432667,-86.24182167,cross1,red,1692,218.6,38/70,b827ebefdb50,1539093864,-74,,,-74,38,54.3%,,,,,,,,
1693,41.71432667,-86.24182167,cross1,red,1693,218.6,37/70,b827ebefdb50,1539093867,-69,,,-69,37,52.9%,,,,,,,,
1694,41.71432667,-86.24182167,cross1,red,1694,218.6,41/70,b827ebefdb50,1539093870,-67,,,-67,41,58.6%,,,,,,,,
1695,41.71432667,-86.24182167,cross1,red,1695,218.6,41/70,b827ebefdb50,1539093873,-69,,,-69,41,58.6%,,,,,,,,
1696,41.71432667,-86.24182167,cross1,red,1696,218.6,41/70,b827ebefdb50,1539093876,-69,,,-69,41,58.6%,,,,,,,,
1697,41.71432667,-86.24182167,cross1,red,1697,218.7,27/70,b827ebefdb50,1539093879,-70,,,-70,27,38.6%,,,,,,,,
1698,41.71432667,-86.24182167,cross1,red,1698,218.7,38/70,b827ebefdb50,1539093882,-71,,,-71,38,54.3%,,,,,,,,
1699,41.71432667,-86.24182167,cross1,red,1699,218.7,35/70,b827ebefdb50,1539093886,-72,,,-72,35,50.0%,,,,,,,,
1700,41.71432667,-86.24182167,cross1,red,1700,218.7,43/70,b827ebefdb50,1539093889,-69,,,-69,43,61.4%,,,,,,,,
1701,41.71432667,-86.24182167,cross1,red,1701,218.7,40/70,b827ebefdb50,1539093892,-66,,,-66,40,57.1%,,,,,,,,
1702,41.71432667,-86.24182167,cross1,red,1702,218.7,44/70,b827ebefdb50,1539093895,-66,,,-66,44,62.9%,,,,,,,,
1703,41.71432667,-86.24182167,cross1,red,1703,218.7,32/70,b827ebefdb50,1539093898,-69,,,-69,32,45.7%,,,,,,,,
1704,41.71432667,-86.24182167,cross1,red,1704,218.7,41/70,b827ebefdb50,1539093901,-70,,,-70,41,58.6%,,,,,,,,
1705,41.71432667,-86.24182167,cross1,red,1705,218.7,39/70,b827ebefdb50,1539093904,-69,,,-69,39,55.7%,,,,,,,,
1706,41.71432667,-86.24182167,cross1,red,1706,218.7,30/70,b827ebefdb50,1539093908,-74,,,-74,30,42.9%,,,,,,,,
1707,41.71432667,-86.24182167,cross1,red,1707,218.7,30/70,b827ebefdb50,1539093911,-68,,,-68,30,42.9%,,,,,,,,
1708,41.71432667,-86.24182167,cross1,red,1708,218.7,45/70,b827ebefdb50,1539093914,-64,,,-64,45,64.3%,,,,,,,,
1709,41.71432667,-86.24182167,cross1,red,1709,218.7,35/70,b827ebefdb50,1539093917,-69,,,-69,35,50.0%,,,,,,,,
1710,41.71432667,-86.24182167,cross1,red,1710,218.7,36/70,b827ebefdb50,1539093920,-69,,,-69,36,51.4%,,,,,,,,
1711,41.71432667,-86.24182167,cross1,red,1711,218.7,36/70,b827ebefdb50,1539093923,-73,,,-73,36,51.4%,,,,,,,,
1712,41.71432667,-86.24182167,cross1,red,1712,218.7,32/70,b827ebefdb50,1539093926,-77,,,-77,32,45.7%,,,,,,,,
1713,41.71432667,-86.24182167,cross1,red,1713,218.7,35/70,b827ebefdb50,1539093930,-75,,,-75,35,50.0%,,,,,,,,
1714,41.71432667,-86.24182167,cross1,red,1714,218.7,35/70,b827ebefdb50,1539093933,-75,,,-75,35,50.0%,,,,,,,,
1715,41.71432667,-86.24182167,cross1,red,1715,218.7,37/70,b827ebefdb50,1539093936,-73,,,-73,37,52.9%,,,,,,,,
1716,41.71432667,-86.24182167,cross1,red,1716,218.7,13/70,b827ebefdb50,1539093939,-97,,,-97,13,18.6%,,,,,,,,
1717,41.71432667,-86.24182167,cross1,red,1717,218.7,21/70,b827ebefdb50,1539093942,-89,,,-89,21,30.0%,,,,,,,,
1718,41.71432667,-86.24182167,cross1,red,1718,218.7,37/70,b827ebefdb50,1539093945,-89,,,-89,37,52.9%,,,,,,,,
1719,41.71432667,-86.24182167,cross1,red,1719,218.7,39/70,b827ebefdb50,1539093948,-85,,,-85,39,55.7%,,,,,,,,
1720,41.71432667,-86.24182167,cross1,red,1720,218.7,43/70,b827ebefdb50,1539093952,-76,,,-76,43,61.4%,,,,,,,,
1721,41.71432667,-86.24182167,cross1,red,1721,218.7,40/70,b827ebefdb50,1539093955,-70,,,-70,40,57.1%,,,,,,,,
1722,41.71432667,-86.24182167,cross1,red,1722,218.7,28/70,b827ebefdb50,1539093958,-82,,,-82,28,40.0%,,,,,,,,
1723,41.71432667,-86.24182167,cross1,red,1723,218.7,20/70,b827ebefdb50,1539093961,-79,,,-79,20,28.6%,,,,,,,,
1724,41.71432667,-86.24182167,cross1,red,1724,218.7,26/70,b827ebefdb50,1539093964,-84,,,-84,26,37.1%,,,,,,,,
1725,41.71432667,-86.24182167,cross1,red,1725,218.7,24/70,b827ebefdb50,1539093967,-84,,,-84,24,34.3%,,,,,,,,
1726,41.71432667,-86.24182167,cross1,red,1726,218.7,24/70,b827ebefdb50,1539093970,-86,,,-86,24,34.3%,,,,,,,,
1727,41.71432667,-86.24182167,cross1,red,1727,218.7,19/70,b827ebefdb50,1539093974,-91,,,-91,19,27.1%,,,,,,,,
1728,41.71432667,-86.24182167,cross1,red,1728,218.7,28/70,b827ebefdb50,1539093977,-83,,,-83,28,40.0%,,,,,,,,
1729,41.71432667,-86.24182167,cross1,red,1729,218.7,31/70,b827ebefdb50,1539093980,-79,,,-79,31,44.3%,,,,,,,,
1730,41.71432667,-86.24182167,cross1,red,1730,218.7,30/70,b827ebefdb50,1539093983,-82,,,-82,30,42.9%,,,,,,,,
1731,41.71432667,-86.24182167,cross1,red,1731,218.7,26/70,b827ebefdb50,1539093986,-80,,,-80,26,37.1%,,,,,,,,
1732,41.71432667,-86.24182167,cross1,red,1732,218.7,29/70,b827ebefdb50,1539093989,-84,,,-84,29,41.4%,,,,,alt,sq,m to db50,sq
451,41.71436833,-86.24189667,circle1,brown,451,218.3,28/70,b827ebf014ce,1539093701,-82,,,-82,28,40.0%,,,218.3,-82,218.3,40.0%,7.87,40.0%
452,41.71437,-86.24189333,circle1,brown,452,218.3,29/70,b827ebf014ce,1539093704,-80,,,-80,29,41.4%,,,218.3,-80,218.3,41.4%,7.77,41.4%
453,41.71437333,-86.24189167,circle1,brown,453,218.4,30/70,b827ebf014ce,1539093708,-80,,,-80,30,42.9%,,,218.4,-80,218.4,42.9%,7.79,42.9%
454,41.71437333,-86.24188667,circle1,brown,454,218.4,31/70,b827ebf014ce,1539093711,-79,,,-79,31,44.3%,,,218.4,-79,218.4,44.3%,7.59,44.3%
455,41.714375,-86.24188333,circle1,brown,455,218.4,28/70,b827ebf014ce,1539093714,-94,,,-94,28,40.0%,,,218.4,-94,218.4,40.0%,7.52,40.0%
456,41.714375,-86.24188667,circle1,brown,456,218.4,15/70,b827ebf014ce,1539093717,-79,,,-79,15,21.4%,,,218.4,-79,218.4,21.4%,7.62,21.4%
457,41.71437667,-86.24189167,circle1,brown,457,218.4,33/70,b827ebf014ce,1539093720,-80,,,-80,33,47.1%,,,218.4,-80,218.4,47.1%,8.04,47.1%
458,41.71437833,-86.24189,circle1,brown,458,218.4,16/70,b827ebf014ce,1539093723,-94,,,-94,16,22.9%,,,218.4,-94,218.4,22.9%,8.07,22.9%
459,41.71437833,-86.24189333,circle1,brown,459,218.4,32/70,b827ebf014ce,1539093726,-79,,,-79,32,45.7%,,,218.4,-79,218.4,45.7%,8.27,45.7%
460,41.71437333,-86.2419,circle1,brown,460,218.5,28/70,b827ebf014ce,1539093729,-79,,,-79,28,40.0%,,,218.5,-79,218.5,40.0%,8.32,40.0%
461,41.71436833,-86.2419,circle1,brown,461,218.5,27/70,b827ebf014ce,1539093733,-82,,,-82,27,38.6%,,,218.5,-82,218.5,38.6%,7.98,38.6%
462,41.71436333,-86.2419,circle1,brown,462,218.6,29/70,b827ebf014ce,1539093736,-81,,,-81,29,41.4%,,,218.6,-81,218.6,41.4%,7.67,41.4%
463,41.71436167,-86.2419,circle1,brown,463,218.6,30/70,b827ebf014ce,1539093739,-81,,,-81,30,42.9%,,,218.6,-81,218.6,42.9%,7.58,42.9%
464,41.71435833,-86.241905,circle1,brown,464,218.6,33/70,b827ebf014ce,1539093742,-79,,,-79,33,47.1%,,,218.6,-79,218.6,47.1%,7.76,47.1%
465,41.71435833,-86.24191,circle1,brown,465,218.6,30/70,b827ebf014ce,1539093745,-88,,,-88,30,42.9%,,,218.6,-88,218.6,42.9%,8.13,42.9%
466,41.71436,-86.24191,circle1,brown,466,218.6,28/70,b827ebf014ce,1539093748,-78,,,-78,28,40.0%,,,218.6,-78,218.6,40.0%,8.22,40.0%
467,41.71435833,-86.24191,circle1,brown,467,218.6,28/70,b827ebf014ce,1539093751,-84,,,-84,28,40.0%,,,218.6,-84,218.6,40.0%,8.13,40.0%
468,41.71435833,-86.24190667,circle1,brown,468,218.6,35/70,b827ebf014ce,1539093754,-81,,,-81,35,50.0%,,,218.6,-81,218.6,50.0%,7.88,50.0%
469,41.71436167,-86.2419,circle1,brown,469,218.6,22/70,b827ebf014ce,1539093758,-79,,,-79,22,31.4%,,,218.6,-79,218.6,31.4%,7.58,31.4%
470,41.71436667,-86.24189667,circle1,brown,470,218.6,27/70,b827ebf014ce,1539093761,-84,,,-84,27,38.6%,,,218.6,-84,218.6,38.6%,7.65,38.6%
471,41.71436833,-86.24189333,circle1,brown,471,218.6,48/70,b827ebf014ce,1539093764,-59,,,-59,48,68.6%,,,218.6,-59,218.6,68.6%,7.54,68.6%
472,41.71436833,-86.24189667,circle1,brown,472,218.6,44/70,b827ebf014ce,1539093767,-72,,,-72,44,62.9%,,,218.6,-72,218.6,62.9%,7.76,62.9%
473,41.71436667,-86.24191333,circle1,brown,473,219.4,42/70,b827ebf014ce,1539093770,-63,,,-63,42,60.0%,,,219.4,-63,219.4,60.0%,8.85,60.0%
474,41.71436833,-86.24192833,circle1,brown,474,220.9,45/70,b827ebf014ce,1539093773,-65,,,-65,45,64.3%,,,220.9,-65,220.9,64.3%,10.25,64.3%
475,41.714375,-86.24194333,circle1,brown,475,223.4,43/70,b827ebf014ce,1539093776,-67,,,-67,43,61.4%,,,223.4,-67,223.4,61.4%,12.41,61.4%
476,41.71437833,-86.24195667,circle1,brown,476,225.6,43/70,b827ebf014ce,1539093780,-65,,,-65,43,61.4%,,,225.6,-65,225.6,61.4%,14.41,61.4%
477,41.71437667,-86.24195,circle1,brown,477,227.7,44/70,b827ebf014ce,1539093783,-70,,,-70,44,62.9%,,,227.7,-70,227.7,62.9%,15.07,62.9%
478,41.71438333,-86.24194167,circle1,brown,478,229.5,39/70,b827ebf014ce,1539093786,-65,,,-65,39,55.7%,,,229.5,-65,229.5,55.7%,16.05,55.7%
479,41.714385,-86.24194667,circle1,brown,479,230.9,41/70,b827ebf014ce,1539093789,-71,,,-71,41,58.6%,,,230.9,-71,230.9,58.6%,17.35,58.6%
480,41.71438,-86.241955,circle1,brown,480,233.3,40/70,b827ebf014ce,1539093792,-74,,,-74,40,57.1%,,,233.3,-74,233.3,57.1%,19.33,57.1%
481,41.71438333,-86.24197833,circle1,brown,481,235.5,34/70,b827ebf014ce,1539093795,-71,,,-71,34,48.6%,,,235.5,-71,235.5,48.6%,22.24,48.6%
482,41.71443,-86.242025,circle1,brown,482,236.3,26/70,b827ebf014ce,1539093798,-84,,,-84,26,37.1%,,,236.3,-84,236.3,37.1%,27.02,37.1%
483,41.71445833,-86.242055,circle1,brown,483,237.6,34/70,b827ebf014ce,1539093802,-80,,,-80,34,48.6%,,,237.6,-80,237.6,48.6%,30.83,48.6%
484,41.71446,-86.24207333,circle1,brown,484,238.7,31/70,b827ebf014ce,1539093805,-78,,,-78,31,44.3%,,,238.7,-78,238.7,44.3%,32.56,44.3%
485,41.71448333,-86.24211333,circle1,brown,485,237.1,34/70,b827ebf014ce,1539093808,-76,,,-76,34,48.6%,,,237.1,-76,237.1,48.6%,35.10,48.6%
486,41.71449333,-86.24214667,circle1,brown,486,235.1,33/70,b827ebf014ce,1539093811,-79,,,-79,33,47.1%,,,235.1,-79,235.1,47.1%,36.65,47.1%
487,41.714495,-86.24218,circle1,brown,487,235,26/70,b827ebf014ce,1539093814,-75,,,-75,26,37.1%,,,235,-75,235,37.1%,38.78,37.1%
488,41.71451,-86.24221333,circle1,brown,488,237.1,41/70,b827ebf014ce,1539093817,-72,,,-72,41,58.6%,,,237.1,-72,237.1,58.6%,42.60,58.6%
489,41.71452333,-86.24223,circle1,brown,489,233.2,35/70,b827ebf014ce,1539093820,-76,,,-76,35,50.0%,,,233.2,-76,233.2,50.0%,42.90,50.0%
490,41.714515,-86.242245,circle1,brown,490,227.1,42/70,b827ebf014ce,1539093824,-79,,,-79,42,60.0%,,,227.1,-79,227.1,60.0%,41.78,60.0%
491,41.71450167,-86.24225333,circle1,brown,491,224.9,30/70,b827ebf014ce,1539093827,-74,,,-74,30,42.9%,,,224.9,-74,224.9,42.9%,41.26,42.9%
492,41.714495,-86.24227167,circle1,brown,492,227.4,31/70,b827ebf014ce,1539093830,-76,,,-76,31,44.3%,,,227.4,-76,227.4,44.3%,42.70,44.3%
493,41.71448667,-86.242295,circle1,brown,493,230.3,30/70,b827ebf014ce,1539093833,-77,,,-77,30,42.9%,,,230.3,-77,230.3,42.9%,44.69,42.9%
494,41.71448167,-86.24231833,circle1,brown,494,232.1,34/70,b827ebf014ce,1539093836,-83,,,-83,34,48.6%,,,232.1,-83,232.1,48.6%,46.68,48.6%
495,41.71448167,-86.24232833,circle1,brown,495,234.5,28/70,b827ebf014ce,1539093839,-78,,,-78,28,40.0%,,,234.5,-78,234.5,40.0%,48.15,40.0%
496,41.71449333,-86.242325,circle1,brown,496,236.3,33/70,b827ebf014ce,1539093842,-81,,,-81,33,47.1%,,,236.3,-81,236.3,47.1%,49.01,47.1%
497,41.71449333,-86.24236,circle1,brown,497,238.5,28/70,b827ebf014ce,1539093845,-79,,,-79,28,40.0%,,,238.5,-79,238.5,40.0%,52.31,40.0%
498,41.71452833,-86.24242,circle1,brown,498,240.1,30/70,b827ebf014ce,1539093849,-77,,,-77,30,42.9%,,,240.1,-77,240.1,42.9%,58.58,42.9%
499,41.71457167,-86.2425,circle1,brown,499,239.5,29/70,b827ebf014ce,1539093852,-77,,,-77,29,41.4%,,,239.5,-77,239.5,41.4%,65.95,41.4%
500,41.714605,-86.24259,circle1,brown,500,237.7,32/70,b827ebf014ce,1539093855,-79,,,-79,32,45.7%,,,237.7,-79,237.7,45.7%,73.42,45.7%
501,41.71464,-86.24265833,circle1,brown,501,235.5,32/70,b827ebf014ce,1539093858,-79,,,-79,32,45.7%,,,235.5,-79,235.5,45.7%,79.51,45.7%
502,41.714645,-86.24269167,circle1,brown,502,237.6,31/70,b827ebf014ce,1539093861,-78,,,-78,31,44.3%,,,237.6,-78,237.6,44.3%,82.64,44.3%
503,41.714645,-86.24270167,circle1,brown,503,238.5,24/70,b827ebf014ce,1539093864,-85,,,-85,24,34.3%,,,238.5,-85,238.5,34.3%,83.57,34.3%
504,41.71463833,-86.24267,circle1,brown,504,239.3,29/70,b827ebf014ce,1539093867,-79,,,-79,29,41.4%,,,239.3,-79,239.3,41.4%,81.16,41.4%
505,41.71460667,-86.24265667,circle1,brown,505,238.6,24/70,b827ebf014ce,1539093871,-85,,,-85,24,34.3%,,,238.6,-85,238.6,34.3%,78.57,34.3%
506,41.714565,-86.242635,circle1,brown,506,238.2,29/70,b827ebf014ce,1539093874,-82,,,-82,29,41.4%,,,238.2,-82,238.2,41.4%,75.13,41.4%
507,41.71454833,-86.24260667,circle1,brown,507,240.5,30/70,b827ebf014ce,1539093877,-82,,,-82,30,42.9%,,,240.5,-82,240.5,42.9%,73.03,42.9%
508,41.71452,-86.24262,circle1,brown,508,242.6,31/70,b827ebf014ce,1539093880,-77,,,-77,31,44.3%,,,242.6,-77,242.6,44.3%,73.65,44.3%
509,41.71450833,-86.24264167,circle1,brown,509,243.7,28/70,b827ebf014ce,1539093883,-82,,,-82,28,40.0%,,,243.7,-82,243.7,40.0%,75.27,40.0%
510,41.71451,-86.24263333,circle1,brown,510,246.5,28/70,b827ebf014ce,1539093886,-82,,,-82,28,40.0%,,,246.5,-82,246.5,40.0%,75.68,40.0%
511,41.714515,-86.242625,circle1,brown,511,249.4,22/70,b827ebf014ce,1539093889,-86,,,-86,22,31.4%,,,249.4,-86,249.4,31.4%,76.34,31.4%
512,41.71454333,-86.24261,circle1,brown,512,251.4,28/70,b827ebf014ce,1539093893,-88,,,-88,28,40.0%,,,251.4,-88,251.4,40.0%,77.02,40.0%
513,41.71459833,-86.24259833,circle1,brown,513,252.4,31/70,b827ebf014ce,1539093896,-84,,,-84,31,44.3%,,,252.4,-84,252.4,44.3%,78.77,44.3%
514,41.71466667,-86.242565,circle1,brown,514,253.9,17/70,b827ebf014ce,1539093899,-79,,,-79,17,24.3%,,,253.9,-79,253.9,24.3%,80.47,24.3%
515,41.71476167,-86.24251667,circle1,brown,515,255.3,35/70,b827ebf014ce,1539093902,-84,,,-84,35,50.0%,,,255.3,-84,255.3,50.0%,83.71,50.0%
516,41.714815,-86.24253333,circle1,brown,516,256.8,33/70,b827ebf014ce,1539093905,-83,,,-83,33,47.1%,,,256.8,-83,256.8,47.1%,88.82,47.1%
517,41.71487167,-86.242545,circle1,brown,517,259.2,36/70,b827ebf014ce,1539093908,-75,,,-75,36,51.4%,,,259.2,-75,259.2,51.4%,94.43,51.4%
518,41.71489,-86.24252833,circle1,brown,518,261,37/70,b827ebf014ce,1539093912,-75,,,-75,37,52.9%,,,261,-75,261,52.9%,95.67,52.9%
519,41.71486167,-86.24245,circle1,brown,519,261.6,34/70,b827ebf014ce,1539093915,-76,,,-76,34,48.6%,,,261.6,-76,261.6,48.6%,90.00,48.6%
520,41.71481833,-86.24233833,circle1,brown,520,260.3,19/70,b827ebf014ce,1539093918,-88,,,-88,19,27.1%,,,260.3,-88,260.3,27.1%,80.98,27.1%
521,41.71475167,-86.24224167,circle1,brown,521,256.2,27/70,b827ebf014ce,1539093921,-91,,,-91,27,38.6%,,,256.2,-91,256.2,38.6%,69.68,38.6%
522,41.71471167,-86.24216167,circle1,brown,522,256.4,31/70,b827ebf014ce,1539093924,-79,,,-79,31,44.3%,,,256.4,-79,256.4,44.3%,63.64,44.3%
523,41.71470333,-86.24204667,circle1,brown,523,259.2,41/70,b827ebf014ce,1539093927,-74,,,-74,41,58.6%,,,259.2,-74,259.2,58.6%,61.18,58.6%
524,41.71469333,-86.24200333,circle1,brown,524,259,39/70,b827ebf014ce,1539093931,-81,,,-81,39,55.7%,,,259,-81,259,55.7%,59.28,55.7%
525,41.714665,-86.24195,circle1,brown,525,259.2,21/70,b827ebf014ce,1539093934,-72,,,-72,21,30.0%,,,259.2,-72,259.2,30.0%,56.29,30.0%
526,41.714715,-86.24194667,circle1,brown,526,256.9,35/70,b827ebf014ce,1539093937,-82,,,-82,35,50.0%,,,256.9,-82,256.9,50.0%,58.58,50.0%
527,41.71473833,-86.24186,circle1,brown,527,256.4,34/70,b827ebf014ce,1539093940,-80,,,-80,34,48.6%,,,256.4,-80,256.4,48.6%,59.39,48.6%
528,41.71474833,-86.24180833,circle1,brown,528,255.3,35/70,b827ebf014ce,1539093943,-79,,,-79,35,50.0%,,,255.3,-79,255.3,50.0%,59.49,50.0%
529,41.714645,-86.241855,circle1,brown,529,251.2,38/70,b827ebf014ce,1539093947,-72,,,-72,38,54.3%,,,251.2,-72,251.2,54.3%,48.13,54.3%
530,41.71452167,-86.24196167,circle1,brown,530,244.4,35/70,b827ebf014ce,1539093950,-70,,,-70,35,50.0%,,,244.4,-70,244.4,50.0%,35.58,50.0%
531,41.71443833,-86.241985,circle1,brown,531,235.1,44/70,b827ebf014ce,1539093953,-71,,,-71,44,62.9%,,,235.1,-71,235.1,62.9%,24.64,62.9%
532,41.714425,-86.24194167,circle1,brown,532,230.4,26/70,b827ebf014ce,1539093956,-82,,,-82,26,37.1%,,,230.4,-82,230.4,37.1%,18.86,37.1%
533,41.71442167,-86.24193667,circle1,brown,533,226.5,28/70,b827ebf014ce,1539093959,-82,,,-82,28,40.0%,,,226.5,-82,226.5,40.0%,16.23,40.0%
534,41.714435,-86.24195833,circle1,brown,534,224.5,29/70,b827ebf014ce,1539093963,-81,,,-81,29,41.4%,,,224.5,-81,224.5,41.4%,17.53,41.4%
535,41.71443667,-86.24196,circle1,brown,535,224.9,28/70,b827ebf014ce,1539093966,-82,,,-82,28,40.0%,,,224.9,-82,224.9,40.0%,17.89,40.0%
536,41.71443833,-86.24196,circle1,brown,536,224.9,31/70,b827ebf014ce,1539093969,-80,,,-80,31,44.3%,,,224.9,-80,224.9,44.3%,18.01,44.3%
537,41.71443833,-86.24196,circle1,brown,537,224.9,24/70,b827ebf014ce,1539093972,-81,,,-81,24,34.3%,,,224.9,-81,224.9,34.3%,18.01,34.3%
538,41.71443667,-86.24196,circle1,brown,538,224.9,27/70,b827ebf014ce,1539093975,-83,,,-83,27,38.6%,,,224.9,-83,224.9,38.6%,17.89,38.6%
539,41.71443667,-86.24196,circle1,brown,539,225,31/70,b827ebf014ce,1539093978,-84,,,-84,31,44.3%,,,225,-84,225,44.3%,17.92,44.3%
540,41.71443833,-86.24195833,circle1,brown,540,225,29/70,b827ebf014ce,1539093981,-86,,,-86,29,41.4%,,,225,-86,225,41.4%,17.96,41.4%
541,41.71443833,-86.24196,circle1,brown,541,225,28/70,b827ebf014ce,1539093984,-84,,,-84,28,40.0%,,,225,-84,225,40.0%,18.05,40.0%
542,41.71443667,-86.24196,circle1,brown,542,225,28/70,b827ebf014ce,1539093988,-82,,,-82,28,40.0%,,,225,-82,225,40.0%,17.92,40.0%